{"root":[{"assemblyName":"Assembly-CSharp-firstpass","nameSpace":"Crosstales.RTVoice.Util","className":"SetupProject","methodName":"setup","loadTypes":1,"isUnityClass":false},{"assemblyName":"Assembly-CSharp-firstpass","nameSpace":"Crosstales.Common.Util","className":"BaseHelper","methodName":"initialize","loadTypes":0,"isUnityClass":false},{"assemblyName":"Assembly-CSharp-firstpass","nameSpace":"Crosstales.Common.Util","className":"CTHelper","methodName":"initialize","loadTypes":1,"isUnityClass":false},{"assemblyName":"Assembly-CSharp-firstpass","nameSpace":"Crosstales.Common.Util","className":"CTHelper","methodName":"create","loadTypes":0,"isUnityClass":false},{"assemblyName":"Assembly-CSharp-firstpass","nameSpace":"Crosstales.Common.Util","className":"FileHelper","methodName":"initialize","loadTypes":0,"isUnityClass":false},{"assemblyName":"Assembly-CSharp-firstpass","nameSpace":"Crosstales.Common.Util","className":"SingletonHelper","methodName":"initialize","loadTypes":1,"isUnityClass":false}]}
